timestamp,level,message
2025-06-13T01:13:22.043449,DEBUG,Password changed
2025-06-12T06:38:22.043524,INFO,Security token expired
2025-06-10T23:51:22.043544,DEBUG,Security token expired
2025-06-09T22:51:22.043557,DEBUG,Database connection established
2025-06-09T14:49:22.043569,ERROR,Service timeout error
2025-06-08T10:19:22.043580,DEBUG,Account suspended due to suspicious activity
2025-06-07T05:31:22.043593,INFO,Access granted to secure endpoint
2025-06-05T21:51:22.043605,INFO,Password changed
2025-06-05T09:39:22.043615,INFO,Service timeout error
2025-06-03T20:46:22.043626,ERROR,Access granted to secure endpoint
2025-06-03T00:41:22.043637,DEBUG,Login failed due to invalid credentials
2025-06-01T19:57:22.043649,WARNING,Database connection established
2025-06-01T09:26:22.043660,DEBUG,Login failed due to invalid credentials
2025-05-30T23:21:22.043671,ERROR,Login failed due to invalid credentials
2025-05-29T23:49:22.043683,INFO,User profile updated
2025-05-29T04:09:22.043694,ERROR,Security token expired
2025-05-28T08:12:22.043705,DEBUG,User updated payment method
2025-05-26T19:36:22.043715,ERROR,User updated payment method
2025-05-26T07:07:22.043726,WARNING,Login failed due to invalid credentials
2025-05-24T15:08:22.043738,WARNING,Login failed due to invalid credentials
2025-05-24T05:53:22.043750,WARNING,Password changed
2025-05-23T09:47:22.043760,DEBUG,Login failed due to invalid credentials
2025-05-22T12:14:22.043771,INFO,Security token expired
2025-05-20T18:24:22.043782,WARNING,Login failed due to invalid credentials
2025-05-19T23:24:22.043794,WARNING,Password changed
2025-05-18T22:13:22.043804,WARNING,Database connection established
2025-05-17T16:17:22.043815,INFO,Account suspended due to suspicious activity
2025-05-17T09:37:22.043827,INFO,User updated payment method
2025-05-15T23:55:22.043838,INFO,User profile updated
2025-05-15T05:11:22.043848,INFO,Service timeout error
2025-05-14T04:22:22.043859,ERROR,Account suspended due to suspicious activity
2025-05-13T05:26:22.043870,ERROR,User updated payment method
2025-05-11T21:22:22.043881,ERROR,Password changed
2025-05-11T08:03:22.043891,INFO,Account suspended due to suspicious activity
2025-05-09T20:31:22.043903,DEBUG,Login failed due to invalid credentials
2025-05-08T18:25:22.043914,ERROR,User updated payment method
2025-05-08T13:02:22.043925,WARNING,Service timeout error
2025-05-07T01:08:22.043935,ERROR,User profile updated
2025-05-06T14:42:22.043946,DEBUG,Service timeout error
2025-05-04T21:06:22.043956,DEBUG,Security token expired
2025-05-04T13:43:22.043967,DEBUG,Security token expired
2025-05-03T12:13:22.043978,WARNING,User updated payment method
2025-05-02T07:21:22.043988,WARNING,Access granted to secure endpoint
2025-05-01T11:58:22.044000,INFO,Database connection established
2025-04-30T13:30:22.044011,WARNING,Service timeout error
2025-04-28T21:18:22.044021,ERROR,Login failed due to invalid credentials
2025-04-28T11:26:22.044033,WARNING,Database connection established
2025-04-27T04:28:22.044044,INFO,Account suspended due to suspicious activity
2025-04-26T05:45:22.044056,WARNING,Access granted to secure endpoint
2025-04-24T19:25:22.044067,ERROR,Database connection established
2025-04-24T10:10:22.044078,DEBUG,Login failed due to invalid credentials
2025-04-22T18:05:22.044089,DEBUG,Database connection established
2025-04-22T13:15:22.044100,DEBUG,Security token expired
2025-04-20T22:40:22.044111,WARNING,User profile updated
2025-04-19T23:54:22.044121,WARNING,Service timeout error
2025-04-19T13:03:22.044131,DEBUG,Service timeout error
2025-04-17T21:20:22.044149,DEBUG,User profile updated
2025-04-17T01:21:22.044160,WARNING,User profile updated
2025-04-15T18:02:22.044171,INFO,Service timeout error
2025-04-14T15:28:22.044181,ERROR,Password changed
2025-04-14T08:32:22.044191,WARNING,Security token expired
2025-04-13T12:58:22.044203,DEBUG,Account suspended due to suspicious activity
2025-04-12T05:35:22.044214,INFO,Service timeout error
2025-04-11T03:21:22.044244,DEBUG,Database connection established
2025-04-10T05:56:22.044256,WARNING,Access granted to secure endpoint
2025-04-09T08:44:22.044267,ERROR,User updated payment method
2025-04-08T01:51:22.044278,INFO,User updated payment method
2025-04-06T18:14:22.044289,INFO,Password changed
2025-04-05T22:36:22.044299,DEBUG,Security token expired
2025-04-05T06:00:22.044309,WARNING,User profile updated
2025-04-04T14:26:22.044320,DEBUG,Access granted to secure endpoint
2025-04-03T00:08:22.044331,WARNING,Service timeout error
2025-04-01T19:32:22.044342,INFO,User profile updated
2025-04-01T03:21:22.044352,INFO,Account suspended due to suspicious activity
2025-03-31T07:37:22.044364,WARNING,Database connection established
2025-03-30T09:10:22.044375,DEBUG,Access granted to secure endpoint
2025-03-29T03:59:22.044394,WARNING,User profile updated
2025-03-28T11:29:22.044406,DEBUG,User updated payment method
2025-03-27T09:03:22.044416,INFO,User profile updated
2025-03-26T13:14:22.044426,DEBUG,Database connection established
2025-03-25T10:10:22.044437,INFO,Service timeout error
2025-03-24T11:40:22.044448,WARNING,Access granted to secure endpoint
2025-03-22T19:28:22.044459,DEBUG,Service timeout error
2025-03-22T03:57:22.044470,WARNING,Service timeout error
2025-03-21T08:13:22.044480,WARNING,Password changed
2025-03-19T20:56:22.044491,WARNING,User updated payment method
2025-03-19T13:51:22.044502,ERROR,Security token expired
2025-03-18T08:34:22.044512,WARNING,Service timeout error
2025-03-17T02:02:22.044523,ERROR,Account suspended due to suspicious activity
2025-03-15T16:55:22.044535,ERROR,Login failed due to invalid credentials
2025-03-15T05:43:22.044546,INFO,Database connection established
2025-03-14T00:20:22.044557,ERROR,Account suspended due to suspicious activity
2025-03-13T04:38:22.044570,INFO,User profile updated
2025-03-11T18:10:22.044581,DEBUG,Login failed due to invalid credentials
2025-03-11T03:11:22.044592,ERROR,Account suspended due to suspicious activity
2025-03-10T05:51:22.044603,WARNING,Access granted to secure endpoint
2025-03-09T07:15:22.044614,WARNING,Database connection established
2025-03-08T09:52:22.044625,WARNING,Service timeout error
2025-03-07T11:22:22.044636,INFO,Account suspended due to suspicious activity
2025-03-06T06:41:22.044647,INFO,Account suspended due to suspicious activity
2025-03-04T18:40:22.044659,DEBUG,Account suspended due to suspicious activity
2025-03-03T17:30:22.044672,ERROR,User updated payment method
2025-03-03T06:30:22.044682,WARNING,User updated payment method
2025-03-01T16:38:22.044693,INFO,User updated payment method
2025-03-01T05:22:22.044703,ERROR,User updated payment method
2025-02-28T12:09:22.044714,INFO,Password changed
2025-02-26T22:32:22.044725,WARNING,User updated payment method
2025-02-25T22:13:22.044736,ERROR,User updated payment method
2025-02-25T06:16:22.044747,DEBUG,Login failed due to invalid credentials
2025-02-24T07:21:22.044759,INFO,Password changed
2025-02-23T09:16:22.044769,ERROR,Access granted to secure endpoint
2025-02-21T21:59:22.044780,INFO,Login failed due to invalid credentials
2025-02-21T06:44:22.044791,INFO,Login failed due to invalid credentials
2025-02-20T08:10:22.044802,WARNING,Access granted to secure endpoint
2025-02-19T11:03:22.044813,DEBUG,Access granted to secure endpoint
2025-02-18T02:22:22.044824,WARNING,User profile updated
2025-02-17T00:41:22.044834,DEBUG,Account suspended due to suspicious activity
2025-02-16T02:33:22.044846,WARNING,Database connection established
2025-02-14T20:12:22.044857,ERROR,Service timeout error
2025-02-13T17:58:22.044867,DEBUG,Login failed due to invalid credentials
2025-02-13T07:11:22.044879,INFO,Service timeout error
2025-02-11T21:47:22.044890,INFO,Service timeout error
2025-02-10T18:40:22.044901,DEBUG,User updated payment method
2025-02-10T11:35:22.044911,INFO,Account suspended due to suspicious activity
2025-02-09T11:45:22.044923,WARNING,Login failed due to invalid credentials
2025-02-08T04:11:22.044935,INFO,Login failed due to invalid credentials
2025-02-06T18:38:22.044946,ERROR,Access granted to secure endpoint
2025-02-06T06:21:22.044957,DEBUG,Database connection established
2025-02-04T23:18:22.045115,ERROR,User profile updated
2025-02-04T00:39:22.045134,INFO,Security token expired
2025-02-03T09:24:22.045146,DEBUG,Database connection established
2025-02-01T23:38:22.045157,INFO,Database connection established
2025-01-31T23:46:22.045167,WARNING,Security token expired
2025-01-31T00:46:22.045178,WARNING,Access granted to secure endpoint
2025-01-30T08:14:22.045189,ERROR,User profile updated
2025-01-29T09:59:22.045200,DEBUG,Database connection established
2025-01-27T17:39:22.045211,WARNING,User profile updated
2025-01-27T06:34:22.045222,ERROR,Password changed
2025-01-25T15:59:22.045232,WARNING,Password changed
2025-01-24T19:34:22.045242,WARNING,Account suspended due to suspicious activity
2025-01-23T21:38:22.045254,WARNING,User profile updated
2025-01-22T16:57:22.045264,WARNING,Database connection established
2025-01-22T05:32:22.045275,INFO,User profile updated
2025-01-20T22:23:22.045286,WARNING,Database connection established
2025-01-20T06:03:22.045297,DEBUG,Password changed
2025-01-19T09:23:22.045308,INFO,Security token expired
2025-01-18T09:16:22.045318,DEBUG,User profile updated
2025-01-17T10:27:22.045329,WARNING,Account suspended due to suspicious activity
2025-01-16T13:26:22.045340,ERROR,Database connection established
2025-01-15T02:11:22.045351,WARNING,Security token expired
2025-01-14T11:33:22.045362,INFO,Access granted to secure endpoint
2025-01-13T03:09:22.045372,DEBUG,User profile updated
2025-01-12T00:12:22.045383,WARNING,Security token expired
2025-01-11T09:37:22.045406,WARNING,User updated payment method
2025-01-09T15:22:22.045418,DEBUG,Database connection established
2025-01-09T12:00:22.045429,INFO,Account suspended due to suspicious activity
2025-01-07T23:51:22.045441,DEBUG,User updated payment method
2025-01-07T07:58:22.045452,WARNING,Security token expired
2025-01-05T21:45:22.045462,ERROR,User profile updated
2025-01-04T19:40:22.045473,WARNING,Database connection established
2025-01-03T17:34:22.045483,INFO,Service timeout error
2025-01-03T11:29:22.045494,INFO,Security token expired
2025-01-01T22:56:22.045504,INFO,Login failed due to invalid credentials
2025-01-01T11:49:22.045516,DEBUG,Login failed due to invalid credentials
2024-12-31T02:49:22.045527,DEBUG,User profile updated
2024-12-30T06:30:22.045538,INFO,Account suspended due to suspicious activity
2024-12-29T04:20:22.045549,DEBUG,Security token expired
2024-12-27T21:11:22.045559,WARNING,Password changed
2024-12-26T17:14:22.045570,WARNING,Password changed
2024-12-25T17:13:22.045580,WARNING,User updated payment method
2024-12-25T07:05:22.045591,ERROR,Service timeout error
2024-12-23T19:41:22.045601,DEBUG,User profile updated
2024-12-23T13:32:22.045612,ERROR,Account suspended due to suspicious activity
2024-12-22T02:31:22.045623,INFO,Account suspended due to suspicious activity
2024-12-20T22:00:22.045635,DEBUG,User profile updated
2024-12-20T12:51:22.045645,ERROR,Account suspended due to suspicious activity
2024-12-19T11:36:22.045656,ERROR,Security token expired
2024-12-18T05:43:22.045666,ERROR,Security token expired
2024-12-16T23:10:22.045677,INFO,Account suspended due to suspicious activity
2024-12-15T20:31:22.045688,WARNING,Database connection established
2024-12-15T05:18:22.045699,DEBUG,Password changed
2024-12-13T21:05:22.045710,DEBUG,User updated payment method
2024-12-13T07:12:22.045721,ERROR,Login failed due to invalid credentials
2024-12-11T17:43:22.045732,ERROR,User profile updated
2024-12-10T23:01:22.045742,INFO,Database connection established
2024-12-10T11:20:22.045753,ERROR,Account suspended due to suspicious activity
2024-12-08T22:44:22.045765,DEBUG,Access granted to secure endpoint
2024-12-08T03:05:22.045775,INFO,Service timeout error
2024-12-06T18:14:22.045786,INFO,Database connection established
2024-12-05T23:24:22.045797,DEBUG,Access granted to secure endpoint
2024-12-04T20:51:22.045808,ERROR,Database connection established
2024-12-03T22:50:22.045819,ERROR,Password changed
2024-12-03T05:40:22.045829,ERROR,Service timeout error
2024-12-02T03:44:22.045840,INFO,Login failed due to invalid credentials
2024-11-30T17:41:22.045851,INFO,User profile updated
2024-11-29T17:15:22.045862,ERROR,Access granted to secure endpoint
2024-11-28T19:33:22.045873,INFO,Access granted to secure endpoint
2024-11-28T07:07:22.045884,WARNING,Account suspended due to suspicious activity
2024-11-27T05:12:22.045895,INFO,Service timeout error
2024-11-26T12:03:22.045906,WARNING,Service timeout error
2024-11-25T11:07:22.045917,WARNING,Database connection established
2024-11-24T03:26:22.045929,WARNING,Login failed due to invalid credentials
2024-11-22T15:49:22.045940,DEBUG,User updated payment method
2024-11-22T04:51:22.045951,ERROR,Account suspended due to suspicious activity
2024-11-20T21:34:22.045962,DEBUG,Account suspended due to suspicious activity
2024-11-19T15:32:22.045975,INFO,Login failed due to invalid credentials
2024-11-19T02:43:22.045986,ERROR,Account suspended due to suspicious activity
2024-11-18T13:00:22.045998,WARNING,Database connection established
2024-11-17T10:31:22.046009,DEBUG,Login failed due to invalid credentials
2024-11-16T00:16:22.046020,WARNING,User profile updated
2024-11-15T00:11:22.046031,INFO,Service timeout error
2024-11-14T14:24:22.046041,INFO,Security token expired
2024-11-13T09:56:22.046052,INFO,Account suspended due to suspicious activity
2024-11-12T04:11:22.046063,INFO,User profile updated
2024-11-11T01:24:22.046073,ERROR,User updated payment method
2024-11-10T03:52:22.046084,DEBUG,Password changed
2024-11-09T04:57:22.046095,ERROR,User profile updated
2024-11-08T00:43:22.046105,INFO,User updated payment method
2024-11-06T15:09:22.046116,INFO,User profile updated
2024-11-06T02:03:22.046126,DEBUG,Service timeout error
2024-11-05T03:17:22.046136,ERROR,User updated payment method
2024-11-03T23:12:22.046149,DEBUG,User updated payment method
2024-11-03T07:18:22.046160,WARNING,Database connection established
2024-11-01T20:56:22.046171,INFO,Password changed
2024-11-01T10:19:22.046181,WARNING,Password changed
2024-10-31T12:33:22.046192,ERROR,Security token expired
2024-10-30T08:11:22.046202,DEBUG,Account suspended due to suspicious activity
2024-10-29T13:25:22.046213,INFO,Access granted to secure endpoint
2024-10-28T04:40:22.046225,WARNING,User updated payment method
2024-10-26T16:11:22.046236,DEBUG,Service timeout error
2024-10-26T08:08:22.046246,DEBUG,Password changed
2024-10-25T00:46:22.046256,DEBUG,Login failed due to invalid credentials
2024-10-23T19:56:22.046268,ERROR,Database connection established
2024-10-22T21:23:22.046279,ERROR,User updated payment method
2024-10-22T05:22:22.046289,WARNING,Login failed due to invalid credentials
2024-10-21T09:44:22.046301,ERROR,User profile updated
2024-10-20T04:47:22.046311,INFO,Account suspended due to suspicious activity
2024-10-19T12:29:22.046323,INFO,Service timeout error
2024-10-17T19:57:22.046334,DEBUG,Login failed due to invalid credentials
2024-10-16T18:34:22.046345,WARNING,User profile updated
2024-10-15T18:13:22.046356,INFO,Account suspended due to suspicious activity
2024-10-15T04:12:22.046367,ERROR,User profile updated
2024-10-14T14:02:22.046377,WARNING,Security token expired
2024-10-12T21:20:22.046388,DEBUG,Security token expired
2024-10-12T02:01:22.046398,WARNING,User updated payment method
2024-10-10T19:52:22.046409,INFO,Service timeout error
2024-10-10T11:22:22.046420,INFO,User profile updated
2024-10-09T13:01:22.046430,DEBUG,User profile updated
2024-10-07T17:25:22.046441,INFO,Database connection established
2024-10-06T22:47:22.046452,INFO,Login failed due to invalid credentials
2024-10-06T07:53:22.046463,INFO,Access granted to secure endpoint
2024-10-05T13:25:22.046474,ERROR,User profile updated
2024-10-04T10:57:22.046485,INFO,Account suspended due to suspicious activity
2024-10-03T09:36:22.046496,DEBUG,Login failed due to invalid credentials
2024-10-02T14:43:22.046507,WARNING,Account suspended due to suspicious activity
2024-10-01T09:59:22.046525,DEBUG,Access granted to secure endpoint
2024-09-30T13:23:22.046586,INFO,User updated payment method
2024-09-28T23:26:22.046781,DEBUG,User profile updated
2024-09-27T21:28:22.046804,ERROR,Account suspended due to suspicious activity
2024-09-27T13:59:22.046817,INFO,Access granted to secure endpoint
2024-09-26T00:46:22.046829,WARNING,User updated payment method
2024-09-25T14:09:22.046841,DEBUG,Security token expired
2024-09-24T02:24:22.046851,INFO,Password changed
2024-09-23T13:48:22.046862,INFO,User updated payment method
2024-09-21T21:00:22.046873,DEBUG,Security token expired
2024-09-21T09:44:22.046883,DEBUG,Access granted to secure endpoint
2024-09-20T13:59:22.046895,INFO,Database connection established
2024-09-19T09:03:22.046906,WARNING,Password changed
2024-09-17T23:11:22.046916,ERROR,Access granted to secure endpoint
2024-09-17T07:50:22.046927,ERROR,Access granted to secure endpoint
2024-09-16T02:44:22.046938,DEBUG,Password changed
2024-09-15T11:10:22.046949,DEBUG,Login failed due to invalid credentials
2024-09-13T23:38:22.046960,WARNING,Access granted to secure endpoint
2024-09-13T05:37:22.046971,DEBUG,User profile updated
2024-09-12T03:36:22.046982,ERROR,Password changed
2024-09-11T07:10:22.046992,ERROR,User updated payment method
2024-09-10T13:55:22.047003,WARNING,User profile updated
2024-09-09T04:59:22.047013,DEBUG,Security token expired
2024-09-08T14:07:22.047024,DEBUG,User profile updated
2024-09-07T06:22:22.047034,INFO,Login failed due to invalid credentials
2024-09-05T20:51:22.047045,DEBUG,Service timeout error
2024-09-05T13:25:22.047056,DEBUG,Service timeout error
2024-09-04T02:35:22.047066,DEBUG,Login failed due to invalid credentials
2024-09-02T20:28:22.047078,ERROR,User updated payment method
2024-09-02T08:27:22.047089,WARNING,User profile updated
2024-09-01T09:23:22.047099,WARNING,Access granted to secure endpoint
2024-08-30T17:45:22.047111,ERROR,Login failed due to invalid credentials
2024-08-30T10:07:22.047122,DEBUG,Database connection established
2024-08-28T23:21:22.047133,ERROR,Access granted to secure endpoint
2024-08-28T14:40:22.047144,INFO,Access granted to secure endpoint
2024-08-26T22:55:22.047155,WARNING,Password changed
2024-08-26T11:20:22.047166,INFO,Access granted to secure endpoint
2024-08-24T22:13:22.047177,WARNING,User updated payment method
2024-08-24T11:21:22.047188,ERROR,User updated payment method
2024-08-23T04:13:22.047199,WARNING,Security token expired
2024-08-21T18:38:22.047210,DEBUG,User updated payment method
2024-08-20T22:16:22.047220,DEBUG,User updated payment method
2024-08-19T18:46:22.047231,WARNING,Access granted to secure endpoint
2024-08-18T23:58:22.047242,WARNING,Login failed due to invalid credentials
2024-08-18T08:04:22.047254,WARNING,Account suspended due to suspicious activity
2024-08-16T20:27:22.047265,DEBUG,Account suspended due to suspicious activity
2024-08-16T05:03:22.047278,INFO,Service timeout error
2024-08-15T14:32:22.047289,DEBUG,Database connection established
2024-08-13T23:05:22.047300,WARNING,Login failed due to invalid credentials
2024-08-12T23:00:22.047327,WARNING,User updated payment method
2024-08-11T15:58:22.047360,DEBUG,Service timeout error
2024-08-11T02:56:22.047374,DEBUG,Password changed
2024-08-10T06:01:22.047384,ERROR,User updated payment method
2024-08-09T14:10:22.047395,INFO,User profile updated
2024-08-07T22:57:22.047419,DEBUG,Database connection established
2024-08-06T19:01:22.047456,WARNING,Database connection established
2024-08-06T02:17:22.047468,INFO,Access granted to secure endpoint
2024-08-05T08:04:22.047480,INFO,User updated payment method
2024-08-04T01:28:22.047491,INFO,User updated payment method
2024-08-03T06:27:22.047501,WARNING,User profile updated
2024-08-01T16:45:22.047518,ERROR,Password changed
2024-07-31T20:18:22.047554,ERROR,Access granted to secure endpoint
2024-07-30T17:57:22.047586,ERROR,Service timeout error
2024-07-29T21:47:22.047616,ERROR,Access granted to secure endpoint
2024-07-29T06:28:22.047645,INFO,User profile updated
2024-07-28T13:07:22.047680,DEBUG,Security token expired
2024-07-26T21:23:22.047700,ERROR,Access granted to secure endpoint
2024-07-26T03:55:22.047713,WARNING,User profile updated
2024-07-25T03:37:22.047724,ERROR,User updated payment method
2024-07-23T22:39:22.047735,ERROR,Access granted to secure endpoint
2024-07-23T06:46:22.047746,ERROR,User profile updated
2024-07-21T16:04:22.047757,ERROR,User profile updated
2024-07-20T17:22:22.047772,INFO,Login failed due to invalid credentials
2024-07-20T06:56:22.047796,WARNING,Service timeout error
2024-07-19T01:56:22.047807,DEBUG,User updated payment method
2024-07-18T12:28:22.047818,ERROR,Account suspended due to suspicious activity
2024-07-16T23:04:22.047830,ERROR,User profile updated
2024-07-16T09:24:22.047840,INFO,Service timeout error
2024-07-15T08:21:22.047850,WARNING,Database connection established
2024-07-14T14:09:22.047864,DEBUG,Account suspended due to suspicious activity
2024-07-12T21:14:22.047876,ERROR,User profile updated
2024-07-12T04:37:22.047886,INFO,User updated payment method
2024-07-11T13:18:22.047897,WARNING,Password changed
2024-07-09T22:25:22.047908,WARNING,User profile updated
2024-07-09T04:21:22.047918,INFO,Account suspended due to suspicious activity
2024-07-08T13:35:22.047930,ERROR,Access granted to secure endpoint
2024-07-07T01:59:22.047940,ERROR,Access granted to secure endpoint
2024-07-05T16:10:22.047952,INFO,Security token expired
2024-07-04T21:02:22.047962,INFO,User profile updated
2024-07-04T01:35:22.047972,INFO,User profile updated
2024-07-02T16:13:22.047983,DEBUG,Login failed due to invalid credentials
2024-07-02T03:02:22.047994,INFO,Access granted to secure endpoint
2024-07-01T06:51:22.048006,WARNING,Security token expired
2024-06-29T21:44:22.048016,INFO,User updated payment method
2024-06-28T19:44:22.048027,ERROR,Account suspended due to suspicious activity
2024-06-28T00:11:22.048040,DEBUG,User profile updated
2024-06-26T20:45:22.048051,WARNING,Access granted to secure endpoint
2024-06-26T06:53:22.048062,WARNING,Service timeout error
2024-06-24T21:47:22.048073,INFO,Login failed due to invalid credentials
2024-06-24T01:37:22.048085,INFO,Password changed
2024-06-23T04:20:22.048095,INFO,User updated payment method
2024-06-21T19:42:22.048105,WARNING,Security token expired
2024-06-21T04:16:22.048121,INFO,Database connection established
2024-06-20T03:17:22.048132,WARNING,Database connection established
2024-06-19T00:36:22.048143,INFO,Service timeout error
2024-06-17T19:23:22.048153,INFO,User updated payment method
2024-06-16T20:13:22.048164,INFO,User profile updated
2024-06-16T08:02:22.048216,ERROR,User profile updated
2024-06-14T22:57:22.048289,INFO,Security token expired
2024-06-14T14:05:22.048326,INFO,User updated payment method
